path,tmp_label,CDC,CC,IC,flag,label
../Component 20/39/148_1192no17_a.png,13,1,0,5,1,13
../Component 20/201/116_552no16_a.png,10,1,0,1,1,10
../Component 20/110/239_428no4_a.png,2,1,0,3,1,2
../Component 20/27/219_439no4_a.png,12,1,0,4,2,12
../Component 20/112/164_160no40_a.png,3,2,0,5,1,3
../Component 20/11/101_1657no13_a.png,1,1,3,6,1,1
../Component 20/68/429_827no5_a.png,16,2,0,2,2,16
../Component 20/1/129_806no36_a.png,0,1,2,2,1,0
../Component 20/201/69_92no28_a.png,10,1,0,1,1,10
../Component 20/1/58_59no37_a.png,0,1,1,0,1,0
../Component 20/2/85_1584no9_a.png,9,1,1,2,1,9
../Component 20/39/186_1196no8_a.png,13,1,0,4,1,13
../Component 20/68/16_2no16_a.png,16,1,0,1,1,16
../Component 20/110/188_422no16_a.png,2,1,2,4,1,2
../Component 20/110/238_428no3_a.png,2,1,0,3,1,2
../Component 20/110/409_985no5_a.png,2,2,0,1,1,2
../Component 20/201/67_92no26_a.png,10,1,0,1,1,10
../Component 20/39/87_1182no18_a.png,13,1,0,5,1,13
../Component 20/68/257_514no52_a.png,16,1,0,1,1,16
../Component 20/68/252_514no47_a.png,16,1,0,0,1,16
../Component 20/16/179_889no39_a.png,6,2,1,0,1,6
../Component 20/2/71_1525no1_a.png,9,1,0,2,1,9
../Component 20/39/134_1192no3_a.png,13,1,0,6,1,13
../Component 20/39/56_201no2_a.png,13,1,0,3,1,13
../Component 20/68/306_604no1_a.png,16,1,0,1,1,16
../Component 20/110/331_443no5_a.png,2,1,0,3,1,2
../Component 20/64/20_493no6_a.png,15,1,0,2,1,15
../Component 20/198/324_1657no10_a.png,8,1,1,2,1,8
../Component 20/110/478_4227no2_a.png,2,2,0,2,1,2
../Component 20/64/282_1242no55_a.png,15,1,0,2,1,15
../Component 20/110/171_421no5_a.png,2,1,0,3,1,2
../Component 20/110/78_358no24_a.png,2,1,0,2,1,2
../Component 20/27/280_719no15_a.png,12,1,0,4,1,12
../Component 20/16/87_464no39_a.png,6,4,0,0,1,6
../Component 20/201/104_552no4_a.png,10,1,0,1,1,10
../Component 20/39/81_1182no12_a.png,13,1,1,6,1,13
../Component 20/16/252_1265no10_a.png,6,7,0,0,1,6
../Component 20/64/53_719no3_a.png,15,1,0,2,1,15
../Component 20/201/139_556no5_a.png,10,1,0,1,1,10
../Component 20/110/353_446no4_a.png,2,1,1,3,1,2
../Component 20/16/19_240no9_a.png,6,3,0,0,1,6
../Component 20/157/367_117no35_a.png,5,1,0,0,1,5
../Component 20/68/199_509no3_a.png,16,1,0,0,1,16
../Component 20/117/9_553no2_a.png,4,2,0,3,1,4
../Component 20/112/529_186no5_a.png,3,1,0,2,1,3
../Component 20/110/61_358no7_a.png,2,1,0,2,1,2
../Component 20/39/62_941no1_a.png,13,1,0,3,1,13
../Component 20/157/1043_672no1_a.png,5,1,1,2,1,5
../Component 20/117/59_1430no1_a.png,4,2,0,3,1,4
../Component 20/39/38_80no19_a.png,13,1,1,4,1,13
../Component 20/157/54_85no37_a.png,5,1,0,1,1,5
../Component 20/92/242_661no11_a.png,19,1,3,3,1,19
../Component 20/6/89_1359no1_a.png,14,3,0,1,1,14
../Component 20/112/137_160no13_a.png,3,2,1,5,2,3
../Component 20/110/463_1857no3_a.png,2,2,0,2,1,2
../Component 20/201/4_64no4_a.png,10,1,0,1,1,10
../Component 20/117/53_1039no9_a.png,4,3,0,2,1,4
../Component 20/110/210_424no9_a.png,2,1,1,4,1,2
../Component 20/117/25_1038no8_a.png,4,2,0,2,1,4
../Component 20/92/376_1514no1_a.png,19,1,3,6,1,19
../Component 20/2/39_837no36_a.png,9,1,2,4,1,9
../Component 20/157/937_585no18_a.png,5,1,1,2,1,5
../Component 20/16/238_1057no52_a.png,6,4,0,0,1,6
../Component 20/64/345_1781no5_a.png,15,1,0,2,1,15
../Component 20/110/355_447no1_a.png,2,1,0,2,1,2
../Component 20/157/656_268no17_a.png,5,1,1,0,1,5
../Component 20/92/316_1037no1_a.png,19,1,3,5,1,19
../Component 20/68/52_202no1_a.png,16,1,0,1,1,16
../Component 20/68/164_407no1_a.png,16,1,0,1,1,16
../Component 20/201/80_92no39_a.png,10,1,0,1,1,10
../Component 20/201/81_92no40_a.png,10,1,0,1,1,10
../Component 20/68/115_304no1_a.png,16,1,0,1,1,16
../Component 20/68/34_66no1_a.png,16,1,0,1,1,16
../Component 20/112/60_147no2_a.png,3,1,1,3,1,3
../Component 20/68/21_2no21_a.png,16,1,0,1,1,16
../Component 20/201/12_79no8_a.png,10,1,0,1,1,10
../Component 20/201/75_92no34_a.png,10,1,0,1,1,10
../Component 20/68/154_359no21_a.png,16,1,0,1,1,16
../Component 20/84/42_903no4_a.png,17,1,1,3,1,17
../Component 20/68/220_514no15_a.png,16,1,0,1,1,16
../Component 20/201/26_83no8_a.png,10,1,0,1,1,10
../Component 20/201/154_562no1_a.png,10,1,0,1,1,10
../Component 20/110/288_433no4_a.png,2,1,0,3,1,2
../Component 20/27/54_53no15_a.png,12,2,0,6,0,12
../Component 20/112/630_230no26_a.png,3,1,1,2,1,3
../Component 20/39/103_1182no34_a.png,13,1,0,5,1,13
../Component 20/112/84_151no1_a.png,3,1,1,2,1,3
../Component 20/112/18_142no4_a.png,3,1,0,2,1,3
../Component 20/16/314_1266no47_a.png,6,1,0,0,1,6
../Component 20/16/155_889no15_a.png,6,5,0,0,1,6
../Component 20/2/36_837no33_a.png,9,1,2,4,1,9
../Component 20/112/13_141no5_a.png,3,1,1,2,1,3
../Component 20/2/43_837no40_a.png,9,3,0,1,1,9
../Component 20/110/4_157no4_a.png,2,1,0,2,1,2
../Component 20/198/186_828no4_a.png,8,1,3,6,1,8
../Component 20/2/17_837no14_a.png,9,1,1,2,1,9
../Component 20/157/226_98no45_a.png,5,1,1,2,1,5
../Component 20/112/19_142no5_a.png,3,1,0,1,1,3
../Component 20/201/52_92no11_a.png,10,1,0,1,1,10
../Component 20/92/4_35no4_a.png,19,1,2,5,1,19
../Component 20/110/408_985no4_a.png,2,1,0,3,1,2
../Component 20/117/56_1040no2_a.png,4,2,0,3,1,4
../Component 20/68/460_827no36_a.png,16,3,0,3,2,16
../Component 20/201/202_1097no4_a.png,10,1,0,1,1,10
../Component 20/117/58_1202no1_a.png,4,3,0,1,1,4
../Component 20/112/269_163no26_a.png,3,1,1,2,1,3
../Component 20/157/727_283no1_a.png,5,1,1,2,1,5
../Component 20/39/71_1182no2_a.png,13,1,0,6,1,13
../Component 20/39/197_1196no19_a.png,13,1,1,5,1,13
../Component 20/6/7_518no7_a.png,14,2,0,1,1,14
../Component 20/68/8_2no8_a.png,16,1,0,1,1,16
../Component 20/27/198_364no30_a.png,12,1,0,1,1,12
../Component 20/84/30_308no5_a.png,17,1,2,3,1,17
../Component 20/112/980_988no5_a.png,3,1,0,2,1,3
../Component 20/68/184_422no14_a.png,16,1,0,1,1,16
../Component 20/68/212_514no7_a.png,16,1,0,1,1,16
../Component 20/68/272_571no5_a.png,16,1,0,1,1,16
../Component 20/84/197_1412no30_a.png,17,1,2,3,1,17
../Component 20/64/142_1015no20_a.png,15,1,0,2,1,15
../Component 20/110/233_426no8_a.png,2,1,0,2,1,2
../Component 20/117/22_1038no5_a.png,4,2,0,1,1,4
../Component 20/110/461_1857no1_a.png,2,1,0,3,1,2
../Component 20/39/88_1182no19_a.png,13,1,0,3,1,13
../Component 20/112/1263_1818no1_a.png,3,1,1,2,1,3
../Component 20/27/55_53no16_a.png,12,2,0,8,2,12
../Component 20/39/116_1183no1_a.png,13,1,1,6,1,13
../Component 20/110/59_358no5_a.png,2,1,0,2,1,2
../Component 20/112/50_145no2_a.png,3,1,1,2,1,3
../Component 20/68/269_571no2_a.png,16,1,0,1,1,16
../Component 20/92/382_1530no6_a.png,19,1,3,4,1,19
../Component 20/68/97_282no2_a.png,16,2,0,2,2,16
../Component 20/86/27_440no4_a.png,18,2,2,4,2,18
../Component 20/68/56_224no1_a.png,16,1,0,1,1,16
../Component 20/110/56_358no2_a.png,2,1,0,2,1,2
../Component 20/68/304_603no1_a.png,16,1,0,1,1,16
../Component 20/68/248_514no43_a.png,16,1,0,1,1,16
../Component 20/110/184_422no12_a.png,2,1,0,2,1,2
../Component 20/21/5_39no5_a.png,11,1,0,1,1,11
../Component 20/68/215_514no10_a.png,16,1,0,1,1,16
../Component 20/112/569_198no1_a.png,3,1,1,2,1,3
../Component 20/112/330_169no5_a.png,3,1,0,1,1,3
../Component 20/1/278_822no1_a.png,0,2,1,0,1,0
../Component 20/1/130_806no37_a.png,0,1,2,3,1,0
../Component 20/117/11_995no1_a.png,4,2,0,1,1,4
../Component 20/117/3_377no2_a.png,4,3,0,1,1,4
../Component 20/201/260_1639no7_a.png,10,1,0,1,1,10
../Component 20/68/249_514no44_a.png,16,1,0,1,1,16
../Component 20/27/381_740no10_a.png,12,1,0,3,1,12
../Component 20/39/49_80no30_a.png,13,2,1,5,1,13
../Component 20/110/371_452no12_a.png,2,2,0,2,1,2
../Component 20/68/198_509no2_a.png,16,1,0,1,1,16
../Component 20/68/532_907no12_a.png,16,1,0,1,1,16
../Component 20/68/155_359no22_a.png,16,1,0,1,1,16
../Component 20/157/553_140no21_a.png,5,3,3,6,2,5
../Component 20/21/39_52no1_a.png,11,4,0,4,2,11
../Component 20/157/435_125no22_a.png,5,1,1,2,1,5
../Component 20/84/1_285no1_a.png,17,1,2,3,1,17
../Component 20/201/102_552no2_a.png,10,1,0,1,1,10
../Component 20/68/431_827no7_a.png,16,2,0,2,1,16
../Component 20/68/55_210no1_a.png,16,2,0,2,2,16
../Component 20/11/94_1657no6_a.png,1,1,3,6,1,1
../Component 20/68/133_333no1_a.png,16,1,0,1,1,16
../Component 20/11/14_1638no6_a.png,1,1,1,3,1,1
../Component 20/112/20_142no6_a.png,3,1,0,2,1,3
../Component 20/21/274_782no5_a.png,11,4,0,4,2,11
../Component 20/112/658_232no19_a.png,3,1,1,2,1,3
../Component 20/2/62_841no16_a.png,9,2,1,2,1,9
../Component 20/39/114_1182no45_a.png,13,1,0,3,1,13
../Component 20/201/30_83no12_a.png,10,1,0,1,1,10
../Component 20/64/196_1239no25_a.png,15,1,0,2,1,15
../Component 20/64/33_644no1_a.png,15,1,0,2,1,15
../Component 20/39/210_1785no13_a.png,13,1,0,3,1,13
../Component 20/117/57_1041no1_a.png,4,3,0,3,1,4
../Component 20/68/17_2no17_a.png,16,1,0,1,1,16
../Component 20/201/71_92no30_a.png,10,1,0,1,1,10
../Component 20/157/219_98no38_a.png,5,1,1,2,1,5
../Component 20/68/475_834no14_a.png,16,1,0,1,1,16
../Component 20/157/1262_950no1_a.png,5,1,0,1,1,5
../Component 20/39/191_1196no13_a.png,13,1,0,3,1,13
../Component 20/112/39_143no7_a.png,3,1,1,2,1,3
../Component 20/39/221_1817no3_a.png,13,2,0,4,2,13
../Component 20/27/33_48no16_a.png,12,2,0,4,2,12
../Component 20/110/126_415no39_a.png,2,1,0,3,1,2
../Component 20/84/611_1698no22_a.png,17,1,2,3,1,17
../Component 20/112/36_143no4_a.png,3,1,1,2,1,3
../Component 20/68/277_571no10_a.png,16,1,0,1,1,16
../Component 20/112/265_163no22_a.png,3,1,1,3,1,3
../Component 20/201/162_563no6_a.png,10,1,0,1,1,10
../Component 20/39/151_1192no20_a.png,13,1,0,5,1,13
../Component 20/68/65_240no8_a.png,16,1,0,1,1,16
../Component 20/68/11_2no11_a.png,16,1,0,1,1,16
../Component 20/68/299_602no11_a.png,16,1,0,1,1,16
../Component 20/84/5_285no5_a.png,17,1,2,3,1,17
../Component 20/92/403_1742no1_a.png,19,1,3,5,1,19
../Component 20/1/26_59no5_a.png,0,2,1,0,1,0
../Component 20/201/144_558no2_a.png,10,1,0,1,1,10
../Component 20/68/150_359no17_a.png,16,1,0,1,1,16
../Component 20/68/85_240no28_a.png,16,1,0,1,1,16
../Component 20/11/11_1638no3_a.png,1,1,0,2,1,1
../Component 20/110/9_207no5_a.png,2,1,0,2,1,2
../Component 20/198/109_677no28_a.png,8,1,0,1,1,8
../Component 20/39/47_80no28_a.png,13,1,1,4,1,13
../Component 20/6/4_518no4_a.png,14,3,0,3,1,14
../Component 20/39/180_1196no2_a.png,13,1,0,4,1,13
../Component 20/201/231_1134no25_a.png,10,1,0,1,1,10
../Component 20/68/435_827no11_a.png,16,2,0,2,2,16
../Component 20/191/1_33no1_a.png,7,1,1,3,1,7
../Component 20/198/264_1147no19_a.png,8,1,0,1,1,8
../Component 20/86/48_681no6_a.png,18,2,1,1,1,18
../Component 20/84/690_5695no7_a.png,17,1,3,4,1,17
../Component 20/6/25_1356no16_a.png,14,6,0,0,1,14
../Component 20/68/40_66no7_a.png,16,1,0,1,1,16
../Component 20/92/118_465no1_a.png,19,1,3,4,1,19
../Component 20/2/2_43no2_a.png,9,1,1,2,1,9
../Component 20/39/98_1182no29_a.png,13,1,0,5,1,13
../Component 20/86/181_4694no6_a.png,18,2,1,0,1,18
../Component 20/16/268_1266no1_a.png,6,1,0,0,1,6
../Component 20/112/512_185no2_a.png,3,1,0,2,1,3
../Component 20/198/50_492no3_a.png,8,1,0,3,1,8
../Component 20/117/13_995no3_a.png,4,2,0,1,1,4
../Component 20/21/422_1808no55_a.png,11,1,0,1,1,11
../Component 20/157/188_98no7_a.png,5,1,1,2,1,5
../Component 20/110/363_452no4_a.png,2,1,1,3,1,2
../Component 20/112/669_311no1_a.png,3,1,0,2,1,3
../Component 20/112/768_680no7_a.png,3,1,0,1,1,3
../Component 20/68/457_827no33_a.png,16,2,0,2,2,16
../Component 20/2/30_837no27_a.png,9,1,1,2,1,9
../Component 20/2/64_841no18_a.png,9,2,1,2,1,9
../Component 20/191/43_70no1_a.png,7,1,1,2,1,7
../Component 20/92/169_468no1_a.png,19,1,3,6,1,19
../Component 20/110/203_424no2_a.png,2,1,0,2,1,2
../Component 20/68/46_66no13_a.png,16,1,0,1,1,16
../Component 20/117/12_995no2_a.png,4,2,0,1,1,4
../Component 20/39/219_1817no1_a.png,13,2,0,4,2,13
../Component 20/68/64_240no7_a.png,16,1,0,1,1,16
../Component 20/68/194_422no24_a.png,16,1,0,1,1,16
../Component 20/92/351_1209no1_a.png,19,1,3,6,1,19
../Component 20/110/402_725no1_a.png,2,1,1,4,1,2
../Component 20/68/433_827no9_a.png,16,1,0,3,2,16
../Component 20/39/209_1785no12_a.png,13,1,0,6,1,13
../Component 20/86/108_1234no2_a.png,18,1,1,2,1,18
../Component 20/68/227_514no22_a.png,16,1,0,1,1,16
../Component 20/6/2_518no2_a.png,14,4,0,1,1,14
../Component 20/16/293_1266no26_a.png,6,1,0,0,1,6
../Component 20/201/217_1134no11_a.png,10,1,0,1,1,10
../Component 20/68/62_240no5_a.png,16,1,0,1,1,16
../Component 20/68/23_2no23_a.png,16,1,0,1,1,16
../Component 20/68/226_514no21_a.png,16,1,0,1,1,16
../Component 20/64/80_809no10_a.png,15,1,0,2,1,15
../Component 20/6/44_1356no35_a.png,14,7,0,0,1,14
../Component 20/11/6_58no6_a.png,1,1,0,3,1,1
../Component 20/198/276_1298no3_a.png,8,1,0,2,1,8
../Component 20/11/64_1644no13_a.png,1,1,2,6,1,1
../Component 20/112/486_180no1_a.png,3,1,1,2,1,3
../Component 20/68/461_831no1_a.png,16,1,0,1,1,16
../Component 20/68/50_66no17_a.png,16,1,0,1,1,16
../Component 20/112/140_160no16_a.png,3,2,0,3,2,3
../Component 20/64/13_262no5_a.png,15,1,0,2,1,15
../Component 20/2/41_837no38_a.png,9,1,1,2,1,9
../Component 20/68/331_740no4_a.png,16,1,0,1,1,16
../Component 20/68/139_359no6_a.png,16,1,0,1,1,16
../Component 20/110/259_428no24_a.png,2,1,0,3,1,2
../Component 20/86/43_681no1_a.png,18,1,1,2,1,18
../Component 20/39/75_1182no6_a.png,13,1,1,5,1,13
../Component 20/117/27_1038no10_a.png,4,2,0,1,1,4
../Component 20/110/135_418no6_a.png,2,1,0,2,1,2
../Component 20/110/60_358no6_a.png,2,1,0,3,1,2
../Component 20/6/34_1356no25_a.png,14,4,0,3,1,14
../Component 20/68/430_827no6_a.png,16,2,0,2,1,16
../Component 20/86/147_1432no34_a.png,18,1,1,2,1,18
../Component 20/112/44_143no12_a.png,3,1,1,2,1,3
../Component 20/21/51_53no10_a.png,11,4,0,4,2,11
../Component 20/201/183_566no7_a.png,10,1,0,1,1,10
../Component 20/68/189_422no19_a.png,16,1,0,1,1,16
../Component 20/201/35_83no17_a.png,10,1,0,1,1,10
../Component 20/68/146_359no13_a.png,16,1,0,1,1,16
../Component 20/112/31_142no17_a.png,3,1,1,2,1,3
../Component 20/1/118_806no25_a.png,0,2,1,0,1,0
../Component 20/16/49_464no1_a.png,6,3,0,0,1,6
../Component 20/68/5_2no5_a.png,16,1,0,1,1,16
../Component 20/16/632_1345no3_a.png,6,5,0,0,1,6
../Component 20/191/29_33no29_a.png,7,2,0,2,1,7
../Component 20/68/437_827no13_a.png,16,2,0,2,2,16
../Component 20/201/173_564no9_a.png,10,1,0,1,1,10
../Component 20/201/122_552no22_a.png,10,1,0,1,1,10
../Component 20/201/151_560no1_a.png,10,1,0,1,1,10
../Component 20/27/122_328no16_a.png,12,2,0,5,2,12
../Component 20/68/312_632no1_a.png,16,1,0,1,1,16
../Component 20/39/192_1196no14_a.png,13,1,0,3,1,13
../Component 20/110/473_1857no13_a.png,2,1,0,3,1,2
../Component 20/84/47_903no9_a.png,17,1,2,3,1,17
../Component 20/68/201_509no5_a.png,16,1,0,1,1,16
../Component 20/117/35_1038no18_a.png,4,3,0,2,1,4
../Component 20/39/137_1192no6_a.png,13,1,0,4,1,13
../Component 20/39/177_1194no2_a.png,13,1,0,5,1,13
../Component 20/68/453_827no29_a.png,16,2,0,2,2,16
../Component 20/117/7_377no6_a.png,4,2,0,1,1,4
../Component 20/68/99_282no4_a.png,16,2,0,2,2,16
../Component 20/201/255_1639no2_a.png,10,2,0,1,1,10
../Component 20/198/191_828no9_a.png,8,1,1,3,1,8
../Component 20/16/587_1327no1_a.png,6,1,0,0,1,6
../Component 20/68/208_514no3_a.png,16,1,0,1,1,16
../Component 20/68/66_240no9_a.png,16,1,0,1,1,16
../Component 20/27/3_28no3_a.png,12,1,0,1,1,12
../Component 20/110/413_1053no1_a.png,2,1,0,2,1,2
../Component 20/68/273_571no6_a.png,16,1,0,1,1,16
../Component 20/201/192_873no1_a.png,10,1,0,1,1,10
../Component 20/201/220_1134no14_a.png,10,1,0,1,1,10
../Component 20/86/17_335no1_a.png,18,1,1,2,1,18
../Component 20/157/5_18no5_a.png,5,1,1,2,1,5
../Component 20/39/214_1785no17_a.png,13,1,0,3,1,13
../Component 20/86/144_1432no31_a.png,18,1,1,2,1,18
../Component 20/198/249_1147no4_a.png,8,1,0,0,1,8
../Component 20/86/55_681no13_a.png,18,1,1,2,1,18
../Component 20/68/41_66no8_a.png,16,1,0,1,1,16
../Component 20/198/374_1787no2_a.png,8,1,1,3,1,8
../Component 20/39/89_1182no20_a.png,13,1,1,7,1,13
../Component 20/68/81_240no24_a.png,16,1,0,1,1,16
../Component 20/39/188_1196no10_a.png,13,1,0,3,1,13
../Component 20/68/95_240no38_a.png,16,1,0,1,1,16
../Component 20/201/29_83no11_a.png,10,1,0,1,1,10
../Component 20/39/9_49no9_a.png,13,1,1,4,1,13
../Component 20/6/48_1356no39_a.png,14,7,0,0,1,14
../Component 20/198/326_1657no12_a.png,8,1,1,3,1,8
../Component 20/112/235_162no3_a.png,3,1,0,1,1,3
../Component 20/84/59_917no10_a.png,17,1,2,3,1,17
../Component 20/27/327_731no4_a.png,12,1,0,2,1,12
../Component 20/39/224_1817no6_a.png,13,2,0,4,2,13
../Component 20/2/37_837no34_a.png,9,1,2,4,1,9
../Component 20/201/24_83no6_a.png,10,1,0,1,1,10
../Component 20/64/18_493no4_a.png,15,1,0,2,1,15
../Component 20/112/59_147no1_a.png,3,1,1,3,1,3
../Component 20/198/314_1423no4_a.png,8,1,1,4,1,8
../Component 20/157/14_52no1_a.png,5,1,1,2,1,5
../Component 20/68/447_827no23_a.png,16,2,0,2,2,16
../Component 20/110/254_428no19_a.png,2,1,0,2,1,2
../Component 20/157/703_271no27_a.png,5,1,1,2,1,5
../Component 20/117/31_1038no14_a.png,4,3,0,3,1,4
../Component 20/112/64_148no1_a.png,3,1,0,2,1,3
../Component 20/112/72_149no6_a.png,3,1,1,3,1,3
../Component 20/68/245_514no40_a.png,16,1,0,1,1,16
../Component 20/92/170_469no1_a.png,19,2,2,4,1,19
../Component 20/68/45_66no12_a.png,16,1,0,1,1,16
../Component 20/110/62_358no8_a.png,2,1,1,4,1,2
../Component 20/92/352_1212no1_a.png,19,1,3,5,1,19
../Component 20/68/569_964no26_a.png,16,1,0,1,1,16
../Component 20/6/8_518no8_a.png,14,4,0,2,1,14
../Component 20/39/133_1192no2_a.png,13,1,0,2,1,13
../Component 20/16/59_464no11_a.png,6,6,0,0,1,6
../Component 20/112/813_769no31_a.png,3,1,1,3,1,3
../Component 20/68/51_198no1_a.png,16,2,0,2,2,16
../Component 20/191/33_33no33_a.png,7,1,0,3,1,7
../Component 20/112/9_141no1_a.png,3,1,1,3,1,3
../Component 20/2/57_841no11_a.png,9,2,1,2,1,9
../Component 20/68/281_571no14_a.png,16,1,0,1,1,16
../Component 20/68/283_571no16_a.png,16,1,0,1,1,16
../Component 20/68/159_359no26_a.png,16,1,0,1,1,16
../Component 20/110/64_358no10_a.png,2,1,1,4,1,2
../Component 20/110/148_420no3_a.png,2,1,0,2,1,2
../Component 20/68/443_827no19_a.png,16,2,0,2,2,16
../Component 20/16/660_1377no20_a.png,6,1,0,1,1,6
../Component 20/64/4_221no1_a.png,15,1,0,2,1,15
../Component 20/16/26_240no16_a.png,6,3,0,0,1,6
../Component 20/68/1_2no1_a.png,16,1,0,1,1,16
../Component 20/86/30_452no2_a.png,18,1,1,2,1,18
../Component 20/84/14_285no14_a.png,17,1,2,3,1,17
../Component 20/110/252_428no17_a.png,2,1,0,3,1,2
../Component 20/68/426_827no2_a.png,16,2,0,2,2,16
../Component 20/68/200_509no4_a.png,16,1,0,1,1,16
../Component 20/68/206_514no1_a.png,16,1,0,1,1,16
../Component 20/112/86_152no1_a.png,3,2,2,4,2,3
../Component 20/117/8_553no1_a.png,4,2,0,1,1,4
../Component 20/157/292_105no2_a.png,5,1,1,2,1,5
../Component 20/68/286_571no19_a.png,16,1,0,1,1,16
../Component 20/64/71_809no1_a.png,15,1,0,2,1,15
../Component 20/27/88_132no3_a.png,12,2,0,6,2,12
../Component 20/68/221_514no16_a.png,16,1,0,1,1,16
../Component 20/157/274_103no3_a.png,5,1,0,0,1,5
../Component 20/11/72_1647no1_a.png,1,1,2,3,1,1
../Component 20/198/246_1147no1_a.png,8,1,0,0,1,8
../Component 20/39/129_1191no4_a.png,13,1,0,3,1,13
../Component 20/68/537_929no1_a.png,16,1,0,1,1,16
../Component 20/64/183_1239no12_a.png,15,1,0,2,1,15
../Component 20/201/88_241no1_a.png,10,1,0,1,1,10
../Component 20/68/12_2no12_a.png,16,1,0,1,1,16
../Component 20/84/514_1480no1_a.png,17,1,2,3,1,17
../Component 20/39/57_306no1_a.png,13,1,1,5,1,13
../Component 20/68/36_66no3_a.png,16,1,0,1,1,16
../Component 20/39/118_1183no3_a.png,13,1,1,4,1,13
../Component 20/39/169_1192no38_a.png,13,1,0,4,1,13
../Component 20/191/28_33no28_a.png,7,1,1,4,1,7
../Component 20/39/99_1182no30_a.png,13,1,1,7,1,13
../Component 20/86/80_1005no2_a.png,18,1,1,2,1,18
../Component 20/112/43_143no11_a.png,3,1,1,3,1,3
../Component 20/191/18_33no18_a.png,7,1,1,3,1,7
../Component 20/198/64_492no17_a.png,8,2,1,2,1,8
../Component 20/201/150_559no4_a.png,10,1,0,1,1,10
../Component 20/68/25_2no25_a.png,16,1,0,1,1,16
../Component 20/6/1_518no1_a.png,14,4,0,2,1,14
../Component 20/110/130_418no1_a.png,2,1,1,2,1,2
../Component 20/68/144_359no11_a.png,16,1,0,1,1,16
../Component 20/112/607_230no3_a.png,3,1,0,2,1,3
../Component 20/68/157_359no24_a.png,16,1,0,1,1,16
../Component 20/39/65_1142no1_a.png,13,2,0,3,1,13
../Component 20/92/293_1035no17_a.png,19,1,2,5,1,19
../Component 20/110/69_358no15_a.png,2,1,1,3,1,2
../Component 20/68/533_907no13_a.png,16,1,0,1,1,16
../Component 20/39/69_1162no1_a.png,13,1,0,5,1,13
../Component 20/84/167_1362no1_a.png,17,1,2,3,1,17
../Component 20/39/91_1182no22_a.png,13,1,2,7,1,13
../Component 20/198/1_71no1_a.png,8,1,1,3,1,8
../Component 20/201/119_552no19_a.png,10,1,0,1,1,10
../Component 20/68/473_834no12_a.png,16,1,0,1,1,16
../Component 20/117/32_1038no15_a.png,4,4,0,0,1,4
../Component 20/157/1276_973no1_a.png,5,1,1,0,1,5
../Component 20/2/78_1584no2_a.png,9,1,1,2,1,9
../Component 20/112/8_35no8_a.png,3,1,1,2,1,3
../Component 20/201/14_79no10_a.png,10,1,0,1,1,10
../Component 20/68/287_571no20_a.png,16,1,0,1,1,16
../Component 20/84/3_285no3_a.png,17,1,2,3,1,17
../Component 20/117/62_3258no1_a.png,4,3,0,0,1,4
../Component 20/68/137_359no4_a.png,16,1,0,1,1,16
../Component 20/1/256_817no8_a.png,0,1,1,0,1,0
../Component 20/201/79_92no38_a.png,10,1,0,1,1,10
../Component 20/112/33_143no1_a.png,3,1,0,2,1,3
../Component 20/86/141_1432no28_a.png,18,1,0,2,1,18
../Component 20/68/511_876no34_a.png,16,1,0,1,1,16
../Component 20/201/1_64no1_a.png,10,1,0,1,1,10
../Component 20/16/20_240no10_a.png,6,4,0,0,1,6
../Component 20/64/3_172no3_a.png,15,1,0,2,1,15
../Component 20/39/231_4664no5_a.png,13,2,0,8,2,13
../Component 20/201/51_92no10_a.png,10,1,0,1,1,10
../Component 20/117/52_1039no8_a.png,4,2,0,1,1,4
../Component 20/157/1383_1257no3_a.png,5,1,1,0,1,5
../Component 20/86/107_1234no1_a.png,18,1,1,2,1,18
../Component 20/201/31_83no13_a.png,10,1,0,1,1,10
../Component 20/201/246_1534no10_a.png,10,1,0,1,1,10
../Component 20/2/95_3359no5_a.png,9,1,1,2,1,9
../Component 20/117/14_995no4_a.png,4,2,0,1,1,4
../Component 20/86/2_197no1_a.png,18,1,1,2,1,18
../Component 20/157/297_106no2_a.png,5,1,1,2,1,5
../Component 20/64/149_1141no5_a.png,15,1,1,2,1,15
../Component 20/112/67_149no1_a.png,3,1,1,2,1,3
../Component 20/64/253_1242no26_a.png,15,1,0,2,1,15
../Component 20/86/84_1005no6_a.png,18,1,0,2,1,18
../Component 20/11/128_5104no1_a.png,1,1,0,3,1,1
../Component 20/68/205_509no9_a.png,16,1,0,1,1,16
../Component 20/117/24_1038no7_a.png,4,2,0,3,1,4
../Component 20/201/111_552no11_a.png,10,1,0,1,1,10
../Component 20/2/9_837no6_a.png,9,1,1,2,1,9
../Component 20/39/235_4664no9_a.png,13,2,0,6,2,13
../Component 20/68/445_827no21_a.png,16,2,0,2,2,16
../Component 20/64/120_965no4_a.png,15,1,0,2,1,15
../Component 20/198/271_1147no26_a.png,8,1,1,3,1,8
../Component 20/110/223_425no3_a.png,2,1,0,2,1,2
../Component 20/68/102_282no7_a.png,16,2,0,2,2,16
../Component 20/2/1_43no1_a.png,9,1,0,0,1,9
../Component 20/68/305_603no2_a.png,16,1,0,1,1,16
../Component 20/86/1_119no1_a.png,18,1,1,2,1,18
../Component 20/2/83_1584no7_a.png,9,1,1,2,1,9
../Component 20/27/14_42no6_a.png,12,4,0,9,2,12
../Component 20/39/189_1196no11_a.png,13,4,0,4,1,13
../Component 20/110/258_428no23_a.png,2,1,1,2,1,2
../Component 20/110/220_424no19_a.png,2,1,0,1,1,2
../Component 20/110/303_433no19_a.png,2,1,0,3,1,2
../Component 20/117/20_1038no3_a.png,4,2,0,3,1,4
../Component 20/201/21_83no3_a.png,10,1,0,1,1,10
../Component 20/1/1_43no1_a.png,0,2,1,0,1,0
../Component 20/39/163_1192no32_a.png,13,1,0,2,1,13
../Component 20/110/427_1053no15_a.png,2,1,0,3,1,2
../Component 20/68/43_66no10_a.png,16,1,0,1,1,16
../Component 20/86/132_1432no19_a.png,18,1,1,2,1,18
../Component 20/16/52_464no4_a.png,6,4,0,0,1,6
../Component 20/110/201_423no3_a.png,2,1,0,2,1,2
../Component 20/92/429_1827no1_a.png,19,1,3,5,1,19
../Component 20/6/78_1358no1_a.png,14,1,0,2,1,14
../Component 20/84/129_1098no6_a.png,17,1,2,2,1,17
../Component 20/6/74_1356no65_a.png,14,2,0,2,1,14
../Component 20/117/68_4364no6_a.png,4,2,0,2,1,4
../Component 20/2/44_838no1_a.png,9,2,1,2,1,9
../Component 20/21/448_4509no3_a.png,11,1,0,1,1,11
../Component 20/64/383_1853no2_a.png,15,1,0,2,1,15
../Component 20/1/4_53no1_a.png,0,2,1,0,1,0
../Component 20/68/111_282no16_a.png,16,2,0,2,2,16
../Component 20/2/82_1584no6_a.png,9,1,1,2,1,9
../Component 20/68/172_422no2_a.png,16,1,0,1,1,16
../Component 20/92/399_1741no1_a.png,19,1,2,5,1,19
../Component 20/39/178_1195no1_a.png,13,1,0,3,1,13
../Component 20/117/45_1039no1_a.png,4,3,0,1,1,4
../Component 20/117/39_1038no22_a.png,4,3,0,0,1,4
../Component 20/68/314_632no3_a.png,16,1,0,1,1,16
../Component 20/86/8_260no2_a.png,18,1,1,2,1,18
../Component 20/39/206_1785no9_a.png,13,1,0,5,1,13
../Component 20/68/472_834no11_a.png,16,1,0,1,1,16
../Component 20/157/686_271no10_a.png,5,1,1,2,1,5
../Component 20/39/223_1817no5_a.png,13,2,0,4,2,13
../Component 20/68/469_834no8_a.png,16,1,0,1,1,16
../Component 20/39/111_1182no42_a.png,13,1,1,5,1,13
../Component 20/92/409_1813no1_a.png,19,1,3,6,1,19
../Component 20/201/40_83no22_a.png,10,1,0,1,1,10
../Component 20/39/80_1182no11_a.png,13,1,0,3,1,13
../Component 20/110/237_428no2_a.png,2,1,0,3,1,2
../Component 20/117/48_1039no4_a.png,4,3,0,2,1,4
../Component 20/110/167_421no1_a.png,2,1,0,3,1,2
../Component 20/110/462_1857no2_a.png,2,2,0,2,1,2
../Component 20/16/412_1285no31_a.png,6,5,0,0,1,6
../Component 20/201/87_92no46_a.png,10,1,0,1,1,10
../Component 20/27/446_756no13_a.png,12,2,0,4,2,12
../Component 20/68/225_514no20_a.png,16,1,0,1,1,16
../Component 20/198/165_680no15_a.png,8,1,1,3,1,8
../Component 20/201/9_79no5_a.png,10,1,0,1,1,10
../Component 20/110/54_226no1_a.png,2,1,0,3,1,2
../Component 20/64/221_1240no3_a.png,15,1,0,2,1,15
../Component 20/198/365_1701no38_a.png,8,1,0,2,1,8
../Component 20/117/69_4376no1_a.png,4,2,0,1,1,4
../Component 20/201/46_92no5_a.png,10,1,0,1,1,10
../Component 20/110/373_462no2_a.png,2,1,0,2,1,2
../Component 20/112/109_157no3_a.png,3,2,2,6,2,3
../Component 20/112/473_177no22_a.png,3,1,0,1,1,3
../Component 20/84/415_1445no2_a.png,17,1,2,3,1,17
../Component 20/68/38_66no5_a.png,16,1,0,1,1,16
../Component 20/39/124_1188no1_a.png,13,1,0,2,1,13
../Component 20/68/147_359no14_a.png,16,1,0,1,1,16
../Component 20/68/57_224no2_a.png,16,1,0,1,1,16
../Component 20/27/277_719no12_a.png,12,1,0,2,1,12
../Component 20/16/181_889no41_a.png,6,5,0,0,1,6
../Component 20/110/296_433no12_a.png,2,1,0,3,1,2
../Component 20/16/86_464no38_a.png,6,3,0,0,1,6
../Component 20/110/152_420no7_a.png,2,1,1,3,1,2
../Component 20/2/38_837no35_a.png,9,1,2,4,1,9
../Component 20/86/31_452no3_a.png,18,1,2,3,1,18
../Component 20/157/1_18no1_a.png,5,1,2,1,1,5
../Component 20/39/120_1185no1_a.png,13,1,1,4,1,13
../Component 20/92/260_714no1_a.png,19,1,3,6,1,19
../Component 20/110/1_157no1_a.png,2,1,0,2,1,2
../Component 20/84/660_4988no1_a.png,17,1,2,3,1,17
../Component 20/201/206_1097no8_a.png,10,1,0,1,1,10
../Component 20/68/506_876no29_a.png,16,1,0,1,1,16
../Component 20/92/135_466no14_a.png,19,1,2,5,1,19
../Component 20/86/106_1224no2_a.png,18,1,1,4,1,18
../Component 20/110/139_418no10_a.png,2,1,1,3,1,2
../Component 20/68/504_876no27_a.png,16,1,0,0,1,16
../Component 20/92/408_1812no1_a.png,19,2,3,6,1,19
../Component 20/198/139_678no17_a.png,8,2,0,1,1,8
../Component 20/16/72_464no24_a.png,6,5,0,0,1,6
../Component 20/201/112_552no12_a.png,10,1,0,1,1,10
../Component 20/157/325_115no2_a.png,5,1,1,2,1,5
../Component 20/68/214_514no9_a.png,16,1,0,1,1,16
../Component 20/39/230_4664no4_a.png,13,2,0,5,2,13
../Component 20/11/70_1644no19_a.png,1,1,0,2,1,1
../Component 20/201/68_92no27_a.png,10,1,0,1,1,10
../Component 20/157/51_85no34_a.png,5,1,1,2,1,5
../Component 20/68/207_514no2_a.png,16,1,0,1,1,16
../Component 20/117/2_377no1_a.png,4,3,0,3,1,4
../Component 20/157/1646_1858no5_a.png,5,1,1,2,1,5
../Component 20/117/1_218no1_a.png,4,3,0,1,1,4
../Component 20/110/434_1053no22_a.png,2,1,0,3,1,2
../Component 20/157/945_585no26_a.png,5,1,1,2,1,5
../Component 20/198/334_1701no7_a.png,8,1,1,3,1,8
../Component 20/110/224_425no4_a.png,2,1,1,3,1,2
../Component 20/16/56_464no8_a.png,6,5,0,0,1,6
../Component 20/117/23_1038no6_a.png,4,4,0,1,1,4
../Component 20/68/135_359no2_a.png,16,1,0,1,1,16
../Component 20/39/194_1196no16_a.png,13,1,2,8,1,13
../Component 20/68/48_66no15_a.png,16,1,0,1,1,16
../Component 20/16/685_4262no5_a.png,6,2,0,0,1,6
../Component 20/68/202_509no6_a.png,16,1,0,1,1,16
../Component 20/39/41_80no22_a.png,13,1,1,4,1,13
../Component 20/68/459_827no35_a.png,16,2,0,2,2,16
../Component 20/92/354_1212no3_a.png,19,1,3,6,1,19
../Component 20/86/24_440no1_a.png,18,1,1,2,1,18
../Component 20/198/377_1845no2_a.png,8,1,0,2,1,8
../Component 20/68/538_931no1_a.png,16,1,0,1,1,16
../Component 20/68/177_422no7_a.png,16,1,0,1,1,16
../Component 20/112/124_159no4_a.png,3,2,2,4,2,3
../Component 20/68/228_514no23_a.png,16,1,0,1,1,16
../Component 20/198/368_1701no41_a.png,8,1,2,5,1,8
../Component 20/92/73_464no1_a.png,19,1,3,6,1,19
../Component 20/112/573_209no2_a.png,3,1,0,2,1,3
../Component 20/68/439_827no15_a.png,16,2,0,2,2,16
../Component 20/68/310_623no4_a.png,16,2,0,2,2,16
../Component 20/39/127_1191no2_a.png,13,1,0,2,1,13
../Component 20/92/447_5121no2_a.png,19,1,3,6,1,19
../Component 20/157/925_585no6_a.png,5,1,1,2,1,5
../Component 20/201/254_1639no1_a.png,10,1,0,1,1,10
../Component 20/201/134_555no1_a.png,10,1,0,1,1,10
../Component 20/110/191_422no19_a.png,2,1,0,3,1,2
../Component 20/117/34_1038no17_a.png,4,2,0,2,1,4
../Component 20/112/560_196no11_a.png,3,1,0,2,1,3
../Component 20/11/7_58no7_a.png,1,1,3,4,1,1
../Component 20/39/179_1196no1_a.png,13,1,1,3,1,13
../Component 20/86/9_261no1_a.png,18,1,1,2,1,18
../Component 20/39/46_80no27_a.png,13,1,1,4,1,13
../Component 20/2/28_837no25_a.png,9,1,0,0,1,9
../Component 20/68/70_240no13_a.png,16,1,0,1,1,16
../Component 20/21/84_59no14_a.png,11,4,0,4,2,11
../Component 20/68/59_240no2_a.png,16,1,0,1,1,16
../Component 20/86/45_681no3_a.png,18,1,0,1,1,18
../Component 20/157/1066_696no2_a.png,5,1,0,0,1,5
../Component 20/39/90_1182no21_a.png,13,1,5,13,1,13
../Component 20/39/64_961no2_a.png,13,1,0,3,1,13
../Component 20/92/230_652no1_a.png,19,1,1,3,1,19
../Component 20/112/14_141no6_a.png,3,1,0,1,1,3
../Component 20/6/45_1356no36_a.png,14,7,0,2,1,14
../Component 20/201/96_551no7_a.png,10,1,0,1,1,10
../Component 20/11/27_1641no6_a.png,1,1,0,3,1,1
../Component 20/112/282_166no1_a.png,3,1,0,2,1,3
../Component 20/117/18_1038no1_a.png,4,3,0,2,1,4
../Component 20/27/157_342no27_a.png,12,1,0,2,1,12
../Component 20/86/98_1008no1_a.png,18,1,1,4,1,18
../Component 20/84/432_1447no13_a.png,17,1,2,3,1,17
../Component 20/68/101_282no6_a.png,16,2,0,2,2,16
../Component 20/68/174_422no4_a.png,16,1,0,1,1,16
../Component 20/117/5_377no4_a.png,4,2,0,1,1,4
../Component 20/68/311_623no5_a.png,16,2,0,2,2,16
../Component 20/84/75_950no6_a.png,17,1,2,3,1,17
../Component 20/2/34_837no31_a.png,9,1,2,4,1,9
../Component 20/157/876_507no10_a.png,5,2,2,4,2,5
../Component 20/21/75_59no5_a.png,11,4,0,4,2,11
../Component 20/110/228_426no3_a.png,2,1,0,3,1,2
../Component 20/201/76_92no35_a.png,10,1,0,1,1,10
../Component 20/86/174_4458no1_a.png,18,1,1,4,1,18
../Component 20/110/401_609no28_a.png,2,2,0,2,1,2
../Component 20/27/17_43no3_a.png,12,1,0,2,1,12
../Component 20/39/50_80no31_a.png,13,1,1,5,1,13
../Component 20/68/440_827no16_a.png,16,1,0,2,2,16
../Component 20/39/78_1182no9_a.png,13,1,1,5,1,13
../Component 20/92/32_166no1_a.png,19,1,2,5,1,19
../Component 20/86/61_825no5_a.png,18,1,1,3,1,18
../Component 20/64/1_172no1_a.png,15,1,0,2,1,15
../Component 20/16/98_494no3_a.png,6,1,0,0,1,6
../Component 20/68/182_422no12_a.png,16,1,0,1,1,16
../Component 20/39/63_961no1_a.png,13,1,1,4,1,13
../Component 20/112/513_185no3_a.png,3,1,1,2,1,3
../Component 20/201/266_1858no6_a.png,10,1,0,1,1,10
../Component 20/39/95_1182no26_a.png,13,1,0,5,1,13
../Component 20/68/2_2no2_a.png,16,1,0,1,1,16
../Component 20/6/141_1724no6_a.png,14,4,0,2,1,14
../Component 20/68/152_359no19_a.png,16,1,0,1,1,16
../Component 20/39/45_80no26_a.png,13,1,0,3,1,13
../Component 20/39/96_1182no27_a.png,13,1,1,5,1,13
../Component 20/68/324_715no8_a.png,16,1,0,1,1,16
../Component 20/39/84_1182no15_a.png,13,1,0,3,1,13
../Component 20/198/379_3903no1_a.png,8,1,1,3,1,8
../Component 20/110/172_421no6_a.png,2,1,1,4,1,2
../Component 20/1/218_813no1_a.png,0,2,1,0,1,0
../Component 20/68/451_827no27_a.png,16,2,0,2,2,16
../Component 20/68/240_514no35_a.png,16,1,0,1,1,16
../Component 20/68/47_66no14_a.png,16,1,0,1,1,16
../Component 20/64/412_4686no4_a.png,15,1,0,2,1,15
../Component 20/68/20_2no20_a.png,16,1,0,1,1,16
../Component 20/64/35_644no3_a.png,15,1,0,2,1,15
../Component 20/1/184_809no22_a.png,0,1,1,1,1,0
../Component 20/112/439_174no38_a.png,3,1,1,3,1,3
../Component 20/198/362_1701no35_a.png,8,1,0,3,1,8
../Component 20/68/19_2no19_a.png,16,1,0,1,1,16
../Component 20/201/17_79no13_a.png,10,1,0,1,1,10
../Component 20/68/517_884no2_a.png,16,2,0,2,2,16
../Component 20/157/460_130no6_a.png,5,1,1,2,1,5
../Component 20/39/161_1192no30_a.png,13,1,0,4,1,13
../Component 20/198/157_680no7_a.png,8,2,0,2,2,8
../Component 20/16/48_240no38_a.png,6,3,0,0,1,6
../Component 20/110/337_443no11_a.png,2,1,1,2,1,2
../Component 20/68/270_571no3_a.png,16,1,0,1,1,16
../Component 20/39/58_339no1_a.png,13,1,0,2,1,13
../Component 20/68/197_509no1_a.png,16,1,0,1,1,16
../Component 20/68/497_876no20_a.png,16,1,0,1,1,16
../Component 20/39/93_1182no24_a.png,13,1,1,5,1,13
../Component 20/92/52_199no20_a.png,19,1,2,6,1,19
../Component 20/68/191_422no21_a.png,16,1,0,1,1,16
../Component 20/117/26_1038no9_a.png,4,2,0,3,1,4
../Component 20/68/73_240no16_a.png,16,1,0,1,1,16
../Component 20/110/181_422no9_a.png,2,1,0,4,1,2
../Component 20/68/96_282no1_a.png,16,2,0,2,2,16
../Component 20/1/3_43no3_a.png,0,1,1,0,1,0
../Component 20/110/234_426no9_a.png,2,1,0,3,1,2
../Component 20/68/83_240no26_a.png,16,1,0,1,1,16
../Component 20/157/184_98no3_a.png,5,1,0,1,1,5
../Component 20/68/53_202no2_a.png,16,1,0,1,1,16
../Component 20/110/195_422no23_a.png,2,1,0,3,1,2
../Component 20/117/16_995no6_a.png,4,2,0,1,1,4
../Component 20/112/364_169no39_a.png,3,1,1,3,1,3
../Component 20/110/232_426no7_a.png,2,1,0,1,1,2
../Component 20/2/48_841no2_a.png,9,2,1,2,1,9
../Component 20/6/139_1724no4_a.png,14,3,0,2,1,14
../Component 20/39/125_1190no1_a.png,13,1,0,3,1,13
../Component 20/110/346_445no8_a.png,2,1,1,2,1,2
../Component 20/201/91_551no2_a.png,10,1,0,1,1,10
../Component 20/64/44_648no1_a.png,15,1,0,2,1,15
../Component 20/112/21_142no7_a.png,3,1,1,3,1,3
../Component 20/68/3_2no3_a.png,16,1,0,1,1,16
../Component 20/2/46_838no3_a.png,9,1,1,3,1,9
../Component 20/112/51_145no3_a.png,3,1,1,3,1,3
../Component 20/68/142_359no9_a.png,16,1,0,1,1,16
../Component 20/68/39_66no6_a.png,16,1,0,1,1,16
../Component 20/86/156_1612no3_a.png,18,1,1,2,1,18
../Component 20/68/351_784no3_a.png,16,1,0,1,1,16
../Component 20/117/6_377no5_a.png,4,2,0,1,1,4
../Component 20/68/316_647no1_a.png,16,1,0,1,1,16
../Component 20/68/222_514no17_a.png,16,1,0,1,1,16
../Component 20/21/216_536no6_a.png,11,1,0,1,1,11
../Component 20/68/14_2no14_a.png,16,1,0,1,1,16
../Component 20/86/89_1005no11_a.png,18,1,1,2,1,18
../Component 20/117/47_1039no3_a.png,4,3,0,3,1,4
../Component 20/39/204_1785no7_a.png,13,1,0,3,1,13
../Component 20/39/107_1182no38_a.png,13,1,1,5,1,13
../Component 20/6/56_1356no47_a.png,14,5,0,2,1,14
../Component 20/68/91_240no34_a.png,16,1,0,1,1,16
../Component 20/2/13_837no10_a.png,9,1,1,2,1,9
../Component 20/39/200_1785no3_a.png,-1,1,0,4,1,13
../Component 20/68/519_885no2_a.png,-1,1,0,1,1,16
../Component 20/39/160_1192no29_a.png,-1,1,0,2,1,13
../Component 20/68/320_715no4_a.png,-1,1,0,1,1,16
../Component 20/68/169_407no6_a.png,-1,1,0,1,1,16
../Component 20/39/173_1192no42_a.png,-1,1,0,4,1,13
../Component 20/191/20_33no20_a.png,-1,1,0,3,1,7
../Component 20/39/105_1182no36_a.png,-1,1,1,5,1,13
../Component 20/68/217_514no12_a.png,-1,1,0,1,1,16
../Component 20/201/13_79no9_a.png,-1,1,0,1,1,10
../Component 20/201/11_79no7_a.png,-1,1,0,1,1,10
../Component 20/39/126_1191no1_a.png,-1,1,0,2,1,13
../Component 20/157/147_92no45_a.png,-1,1,1,2,1,5
../Component 20/86/12_262no3_a.png,-1,1,1,2,1,18
../Component 20/68/462_834no1_a.png,-1,1,0,1,1,16
../Component 20/39/76_1182no7_a.png,-1,1,0,5,1,13
../Component 20/157/38_85no21_a.png,-1,1,0,2,1,5
../Component 20/39/86_1182no17_a.png,-1,1,0,3,1,13
../Component 20/2/33_837no30_a.png,-1,1,2,4,1,9
../Component 20/68/349_784no1_a.png,-1,1,0,1,1,16
../Component 20/39/218_1785no21_a.png,-1,1,0,4,1,13
../Component 20/112/57_146no6_a.png,-1,1,1,3,1,3
../Component 20/157/19_85no2_a.png,-1,1,1,2,1,5
../Component 20/92/263_935no1_a.png,-1,1,2,4,1,19
../Component 20/39/79_1182no10_a.png,-1,1,2,6,1,13
../Component 20/110/466_1857no6_a.png,-1,1,0,2,1,2
../Component 20/11/45_1642no15_a.png,-1,1,3,5,1,1
../Component 20/68/562_964no19_a.png,-1,1,0,1,1,16
../Component 20/2/24_837no21_a.png,-1,2,1,2,1,9
../Component 20/92/296_1035no20_a.png,-1,1,1,3,1,19
../Component 20/39/48_80no29_a.png,-1,1,1,5,1,13
../Component 20/68/250_514no45_a.png,-1,1,0,1,1,16
../Component 20/84/37_451no1_a.png,-1,1,2,3,1,17
../Component 20/68/336_740no9_a.png,-1,1,0,1,1,16
../Component 20/68/84_240no27_a.png,-1,1,0,1,1,16
../Component 20/112/11_141no3_a.png,-1,1,1,3,1,3
../Component 20/157/7_18no7_a.png,-1,1,1,2,1,5
../Component 20/110/87_414no1_a.png,-1,1,1,4,1,2
../Component 20/2/100_3359no10_a.png,-1,1,1,2,1,9
../Component 20/68/28_2no28_a.png,-1,1,0,1,1,16
../Component 20/201/261_1858no1_a.png,-1,1,0,1,1,10
../Component 20/201/3_64no3_a.png,-1,1,0,1,1,10
../Component 20/201/61_92no20_a.png,-1,1,0,2,1,10
../Component 20/112/15_142no1_a.png,-1,1,1,2,1,3
../Component 20/1/115_806no22_a.png,-1,2,1,2,1,0
../Component 20/64/379_1820no2_a.png,-1,1,0,2,1,15
../Component 20/39/109_1182no40_a.png,-1,1,0,4,1,13
../Component 20/68/4_2no4_a.png,-1,1,0,1,1,16
../Component 20/1/382_1154no1_a.png,-1,1,1,1,1,0
../Component 20/39/175_1193no2_a.png,-1,1,1,5,1,13
../Component 20/68/7_2no7_a.png,-1,1,0,1,1,16
../Component 20/64/424_5154no3_a.png,-1,1,0,2,1,15
../Component 20/110/249_428no14_a.png,-1,1,0,3,1,2
../Component 20/39/61_833no1_a.png,-1,1,1,5,1,13
../Component 20/112/790_769no8_a.png,-1,1,0,2,1,3
../Component 20/39/135_1192no4_a.png,-1,1,1,7,1,13
../Component 20/201/200_1097no2_a.png,-1,1,0,1,1,10
../Component 20/110/74_358no20_a.png,-1,1,0,2,1,2
../Component 20/201/107_552no7_a.png,-1,1,0,1,1,10
../Component 20/68/300_602no12_a.png,-1,1,0,1,1,16
../Component 20/68/518_885no1_a.png,-1,1,0,1,1,16
../Component 20/68/353_795no1_a.png,-1,1,0,1,1,16
../Component 20/16/281_1266no14_a.png,-1,1,0,0,1,6
../Component 20/64/67_783no2_a.png,-1,1,0,2,1,15
../Component 20/84/21_285no21_a.png,-1,1,2,3,1,17
../Component 20/68/67_240no10_a.png,-1,1,0,0,1,16
../Component 20/84/378_1438no11_a.png,-1,1,2,4,1,17
../Component 20/198/393_4250no1_a.png,-1,1,0,2,1,8
../Component 20/84/669_5002no3_a.png,-1,1,2,3,1,17
../Component 20/27/622_3405no3_a.png,-1,1,0,1,1,12
